{"stats":{"minecraft:custom":{"minecraft:jump":9,"minecraft:time_since_rest":331,"minecraft:crouch_one_cm":41,"minecraft:leave_game":1,"minecraft:sprint_one_cm":123,"minecraft:play_time":331,"minecraft:time_since_death":331,"minecraft:walk_one_cm":1015,"minecraft:sneak_time":10,"minecraft:total_world_time":331,"minecraft:fall_one_cm":627,"minecraft:fly_one_cm":298},"minecraft:used":{"minecraft:sand":2},"minecraft:mined":{"minecraft:sand":2},"minecraft:picked_up":{"minecraft:sand":2}},"DataVersion":3465}